320.0,305.24383861118713,227.8148387580283,154.59146773545922,98.3245604361122,121.23441640380469,52.838647135774465,24.914402560520216,11.645126914038201,98.41093473244743,30.03622285494589,7.425459823095991,0.0,90.04413156238402,32.27123088855973,13.691008384570353,6.374930006720604,90.76632206718259,45.84174420510482,40.11686364303824,43.78708882185242,320.0,209.3473359432631,109.32565250795068,44.35870107529513,0.0,223.57186540598286,157.31061735348223,84.83568767772368,22.144480733147418,276.7451829042458,194.12842935895515,113.45400228343348,45.605590432842234,328.82539080076276,243.1038533705131,161.48480720903822,96.40247198508729,380.77180051484385,310.9798868078151,248.90908812645202,200.05159457730463,320.0,294.5238418272744,219.8360004094039,152.1548689312416,96.09090671065377,125.20733213844517,59.27178469162601,29.401294382835488,11.9134634380884,103.90918849955847,39.869466799008876,13.796340595492268,0.0,96.46070317502253,41.18146352377755,27.486236173691964,23.888242252864018,97.74394641569256,59.632060134770086,60.209034020989066,69.11195054781575,320.0,209.42484808143493,106.46776997972734,39.36838322201493,0.0,229.16826325633426,157.2167962076672,80.85241437259722,15.085507184020798,285.1959819089729,203.6731770404922,122.11088979608365,55.44337948890575,341.0548374768737,261.52275425004996,191.09692670198146,139.6730555562586,396.7541437512813,330.2067003616687,277.325828307345,241.30028624722547,320.0,294.2880824565798,223.50512030881782,151.6205560152218,83.16675563825493,102.64623168201578,13.27531071288513,0.0,7.0900740569802565,91.83071396595906,25.66447901232044,90.19700573483351,152.11854374809673,92.80635863266613,37.966014557261076,95.33392095963708,149.11893298358126,102.4499343119478,41.70524576971138,62.00660020695932,89.95186770959381,320.0,202.33348987541092,92.04508411834581,49.83424956490512,34.44901792867205,143.650653332965,91.5434128014586,40.18204922787925,0.0,232.30089228984227,159.5121412193707,133.66971463300092,133.6039669604133,326.0092820243653,250.01215503190696,213.69402469681484,209.96408740572946,424.5716732506423,371.8365148208514,324.3479101632642,299.9784524434377,320.0,275.754528155667,197.14985969415832,122.41002702889381,59.28583301897032,86.7844117439443,12.471333508921191,0.0,4.724902636019237,80.12344788797392,19.613458734446624,60.25204196803139,103.02123980723792,86.07906463784244,41.13504655482177,97.97183864031228,153.15091929359025,104.00153626737125,53.73389632775928,83.128459732565,118.43249114407138,320.0,158.38084213411352,36.9106671138083,0.0,6.65774611638534,106.41555429038732,67.9536473055073,30.14453742564507,6.40853520627752,224.3500718063446,179.1530528002246,138.92706057469584,114.77428073885332,353.55968951137146,301.19616334634276,247.88321135353567,219.27458322795422,492.92563224678656,464.25176006319407,417.4838923161084,390.6475495040404,320.0,293.50962690073806,222.6640504176011,144.00644992751342,72.05169957426139,104.93164061684945,17.15787549670199,0.0,4.831970541324836,93.23657329239253,21.807699016736592,74.92171700943035,128.39201671238982,93.55199210785264,41.72475468491922,101.7048073159271,158.79160674805306,105.8365000129366,51.790647772029104,86.15554107029737,126.15630891881085,320.0,173.76073577890844,55.578895567375696,8.0756730861537,0.0,113.03973880892619,80.65115091278003,44.56935254923195,19.996663345545983,217.15886669319835,171.14390394163277,135.16201880642836,120.20664888981679,325.6908785373896,273.57613863333245,230.3330969093073,211.84020221244424,436.5545967075236,399.1521542391822,355.42565178935087,331.7154970822914
320.0,294.5238418272744,219.8360004094039,152.1548689312416,96.09090671065377,125.20733213844517,59.27178469162601,29.401294382835488,11.9134634380884,103.90918849955847,39.869466799008876,13.796340595492268,0.0,96.46070317502253,41.18146352377755,27.486236173691964,23.888242252864018,97.74394641569256,59.632060134770086,60.209034020989066,69.11195054781575,320.0,209.42484808143493,106.46776997972734,39.36838322201493,0.0,229.16826325633426,157.2167962076672,80.85241437259722,15.085507184020798,285.1959819089729,203.6731770404922,122.11088979608365,55.44337948890575,341.0548374768737,261.52275425004996,191.09692670198146,139.6730555562586,396.7541437512813,330.2067003616687,277.325828307345,241.30028624722547,320.0,294.2880824565798,223.50512030881782,151.6205560152218,83.16675563825493,102.64623168201578,13.27531071288513,0.0,7.0900740569802565,91.83071396595906,25.66447901232044,90.19700573483351,152.11854374809673,92.80635863266613,37.966014557261076,95.33392095963708,149.11893298358126,102.4499343119478,41.70524576971138,62.00660020695932,89.95186770959381,320.0,202.33348987541092,92.04508411834581,49.83424956490512,34.44901792867205,143.650653332965,91.5434128014586,40.18204922787925,0.0,232.30089228984227,159.5121412193707,133.66971463300092,133.6039669604133,326.0092820243653,250.01215503190696,213.69402469681484,209.96408740572946,424.5716732506423,371.8365148208514,324.3479101632642,299.9784524434377,320.0,275.754528155667,197.14985969415832,122.41002702889381,59.28583301897032,86.7844117439443,12.471333508921191,0.0,4.724902636019237,80.12344788797392,19.613458734446624,60.25204196803139,103.02123980723792,86.07906463784244,41.13504655482177,97.97183864031228,153.15091929359025,104.00153626737125,53.73389632775928,83.128459732565,118.43249114407138,320.0,158.38084213411352,36.9106671138083,0.0,6.65774611638534,106.41555429038732,67.9536473055073,30.14453742564507,6.40853520627752,224.3500718063446,179.1530528002246,138.92706057469584,114.77428073885332,353.55968951137146,301.19616334634276,247.88321135353567,219.27458322795422,492.92563224678656,464.25176006319407,417.4838923161084,390.6475495040404,320.0,293.50962690073806,222.6640504176011,144.00644992751342,72.05169957426139,104.93164061684945,17.15787549670199,0.0,4.831970541324836,93.23657329239253,21.807699016736592,74.92171700943035,128.39201671238982,93.55199210785264,41.72475468491922,101.7048073159271,158.79160674805306,105.8365000129366,51.790647772029104,86.15554107029737,126.15630891881085,320.0,173.76073577890844,55.578895567375696,8.0756730861537,0.0,113.03973880892619,80.65115091278003,44.56935254923195,19.996663345545983,217.15886669319835,171.14390394163277,135.16201880642836,120.20664888981679,325.6908785373896,273.57613863333245,230.3330969093073,211.84020221244424,436.5545967075236,399.1521542391822,355.42565178935087,331.7154970822914,320.0,293.03684968795756,217.72937760908906,140.65964144889665,70.58851153827447,107.00675742536896,27.050901241628708,1.578443326686056,0.0,93.19792765579899,39.07090013467888,100.93315868125381,163.49876642185185,91.11686203212503,40.83557937920244,91.95224014772748,144.2289843064708,99.8060825214304,30.57972302774249,24.957759801956627,29.236623937286254,320.0,198.24271140567612,68.8320433617601,9.923393504013859,0.0,124.10475492939497,84.03917962486753,45.39538633463917,14.616598613992892,217.0846342521194,172.6540902686176,137.08189894852768,118.27798242567442,316.3565756158482,280.1313665540753,230.2653424438138,198.37890073187367,423.8427776288157,414.27180639809103,380.8936164852429,353.34910931676797
320.0,294.2880824565798,223.50512030881782,151.6205560152218,83.16675563825493,102.64623168201578,13.27531071288513,0.0,7.0900740569802565,91.83071396595906,25.66447901232044,90.19700573483351,152.11854374809673,92.80635863266613,37.966014557261076,95.33392095963708,149.11893298358126,102.4499343119478,41.70524576971138,62.00660020695932,89.95186770959381,320.0,202.33348987541092,92.04508411834581,49.83424956490512,34.44901792867205,143.650653332965,91.5434128014586,40.18204922787925,0.0,232.30089228984227,159.5121412193707,133.66971463300092,133.6039669604133,326.0092820243653,250.01215503190696,213.69402469681484,209.96408740572946,424.5716732506423,371.8365148208514,324.3479101632642,299.9784524434377,320.0,275.754528155667,197.14985969415832,122.41002702889381,59.28583301897032,86.7844117439443,12.471333508921191,0.0,4.724902636019237,80.12344788797392,19.613458734446624,60.25204196803139,103.02123980723792,86.07906463784244,41.13504655482177,97.97183864031228,153.15091929359025,104.00153626737125,53.73389632775928,83.128459732565,118.43249114407138,320.0,158.38084213411352,36.9106671138083,0.0,6.65774611638534,106.41555429038732,67.9536473055073,30.14453742564507,6.40853520627752,224.3500718063446,179.1530528002246,138.92706057469584,114.77428073885332,353.55968951137146,301.19616334634276,247.88321135353567,219.27458322795422,492.92563224678656,464.25176006319407,417.4838923161084,390.6475495040404,320.0,293.50962690073806,222.6640504176011,144.00644992751342,72.05169957426139,104.93164061684945,17.15787549670199,0.0,4.831970541324836,93.23657329239253,21.807699016736592,74.92171700943035,128.39201671238982,93.55199210785264,41.72475468491922,101.7048073159271,158.79160674805306,105.8365000129366,51.790647772029104,86.15554107029737,126.15630891881085,320.0,173.76073577890844,55.578895567375696,8.0756730861537,0.0,113.03973880892619,80.65115091278003,44.56935254923195,19.996663345545983,217.15886669319835,171.14390394163277,135.16201880642836,120.20664888981679,325.6908785373896,273.57613863333245,230.3330969093073,211.84020221244424,436.5545967075236,399.1521542391822,355.42565178935087,331.7154970822914,320.0,293.03684968795756,217.72937760908906,140.65964144889665,70.58851153827447,107.00675742536896,27.050901241628708,1.578443326686056,0.0,93.19792765579899,39.07090013467888,100.93315868125381,163.49876642185185,91.11686203212503,40.83557937920244,91.95224014772748,144.2289843064708,99.8060825214304,30.57972302774249,24.957759801956627,29.236623937286254,320.0,198.24271140567612,68.8320433617601,9.923393504013859,0.0,124.10475492939497,84.03917962486753,45.39538633463917,14.616598613992892,217.0846342521194,172.6540902686176,137.08189894852768,118.27798242567442,316.3565756158482,280.1313665540753,230.2653424438138,198.37890073187367,423.8427776288157,414.27180639809103,380.8936164852429,353.34910931676797,320.0,218.90254462127163,110.4789296713619,37.12999638402488,0.0,158.9976129022426,132.44676827418235,139.6634233724995,143.88666065389575,225.5583772168629,209.6824453412802,217.59425434020923,228.2518769127608,291.75250104946406,279.12667966201025,285.179905153388,294.80676699958576,353.08265343302895,345.09226278302623,346.62975878259397,353.6468009703559,320.0,332.20273541242045,412.8217244872611,474.2579761855371,516.8362570550333,575.8689001894296,630.6668900399499,554.8404972961505,507.872028115624,593.0942994122797,640.0,549.6454089175306,491.6873943418987,590.9540332444567,635.1226198535085,556.5704568526319,509.10992223773815,576.2112284987898,622.1386801474894,561.8269693829803,520.637916284385
320.0,275.754528155667,197.14985969415832,122.41002702889381,59.28583301897032,86.7844117439443,12.471333508921191,0.0,4.724902636019237,80.12344788797392,19.613458734446624,60.25204196803139,103.02123980723792,86.07906463784244,41.13504655482177,97.97183864031228,153.15091929359025,104.00153626737125,53.73389632775928,83.128459732565,118.43249114407138,320.0,158.38084213411352,36.9106671138083,0.0,6.65774611638534,106.41555429038732,67.9536473055073,30.14453742564507,6.40853520627752,224.3500718063446,179.1530528002246,138.92706057469584,114.77428073885332,353.55968951137146,301.19616334634276,247.88321135353567,219.27458322795422,492.92563224678656,464.25176006319407,417.4838923161084,390.6475495040404,320.0,293.50962690073806,222.6640504176011,144.00644992751342,72.05169957426139,104.93164061684945,17.15787549670199,0.0,4.831970541324836,93.23657329239253,21.807699016736592,74.92171700943035,128.39201671238982,93.55199210785264,41.72475468491922,101.7048073159271,158.79160674805306,105.8365000129366,51.790647772029104,86.15554107029737,126.15630891881085,320.0,173.76073577890844,55.578895567375696,8.0756730861537,0.0,113.03973880892619,80.65115091278003,44.56935254923195,19.996663345545983,217.15886669319835,171.14390394163277,135.16201880642836,120.20664888981679,325.6908785373896,273.57613863333245,230.3330969093073,211.84020221244424,436.5545967075236,399.1521542391822,355.42565178935087,331.7154970822914,320.0,293.03684968795756,217.72937760908906,140.65964144889665,70.58851153827447,107.00675742536896,27.050901241628708,1.578443326686056,0.0,93.19792765579899,39.07090013467888,100.93315868125381,163.49876642185185,91.11686203212503,40.83557937920244,91.95224014772748,144.2289843064708,99.8060825214304,30.57972302774249,24.957759801956627,29.236623937286254,320.0,198.24271140567612,68.8320433617601,9.923393504013859,0.0,124.10475492939497,84.03917962486753,45.39538633463917,14.616598613992892,217.0846342521194,172.6540902686176,137.08189894852768,118.27798242567442,316.3565756158482,280.1313665540753,230.2653424438138,198.37890073187367,423.8427776288157,414.27180639809103,380.8936164852429,353.34910931676797,320.0,218.90254462127163,110.4789296713619,37.12999638402488,0.0,158.9976129022426,132.44676827418235,139.6634233724995,143.88666065389575,225.5583772168629,209.6824453412802,217.59425434020923,228.2518769127608,291.75250104946406,279.12667966201025,285.179905153388,294.80676699958576,353.08265343302895,345.09226278302623,346.62975878259397,353.6468009703559,320.0,332.20273541242045,412.8217244872611,474.2579761855371,516.8362570550333,575.8689001894296,630.6668900399499,554.8404972961505,507.872028115624,593.0942994122797,640.0,549.6454089175306,491.6873943418987,590.9540332444567,635.1226198535085,556.5704568526319,509.10992223773815,576.2112284987898,622.1386801474894,561.8269693829803,520.637916284385,320.0,216.02955152480405,113.75128241643586,41.62928646785457,0.0,162.92399666353754,134.4150291940467,148.04174646954024,157.85420123983874,230.5776904588217,210.63517759106247,221.31743766656882,231.8992551085949,299.14431944012534,286.3276534031627,289.4689270134301,296.8754087021219,362.6318527538894,354.7787268547447,349.8149542108307,351.99551263234684,320.0,341.3168323546697,417.9151522252755,476.9259115874987,513.3464595916292,576.899125998093,639.4318393835779,557.7744579480761,502.85170204607596,593.8130513642045,640.0,552.3744831238912,495.4167191162814,590.4936016747987,633.9946233537089,558.0065187943793,507.92790638819156,573.9009133754039,621.7076433405086,567.0854349465119,523.2688341618393
320.0,293.50962690073806,222.6640504176011,144.00644992751342,72.05169957426139,104.93164061684945,17.15787549670199,0.0,4.831970541324836,93.23657329239253,21.807699016736592,74.92171700943035,128.39201671238982,93.55199210785264,41.72475468491922,101.7048073159271,158.79160674805306,105.8365000129366,51.790647772029104,86.15554107029737,126.15630891881085,320.0,173.76073577890844,55.578895567375696,8.0756730861537,0.0,113.03973880892619,80.65115091278003,44.56935254923195,19.996663345545983,217.15886669319835,171.14390394163277,135.16201880642836,120.20664888981679,325.6908785373896,273.57613863333245,230.3330969093073,211.84020221244424,436.5545967075236,399.1521542391822,355.42565178935087,331.7154970822914,320.0,293.03684968795756,217.72937760908906,140.65964144889665,70.58851153827447,107.00675742536896,27.050901241628708,1.578443326686056,0.0,93.19792765579899,39.07090013467888,100.93315868125381,163.49876642185185,91.11686203212503,40.83557937920244,91.95224014772748,144.2289843064708,99.8060825214304,30.57972302774249,24.957759801956627,29.236623937286254,320.0,198.24271140567612,68.8320433617601,9.923393504013859,0.0,124.10475492939497,84.03917962486753,45.39538633463917,14.616598613992892,217.0846342521194,172.6540902686176,137.08189894852768,118.27798242567442,316.3565756158482,280.1313665540753,230.2653424438138,198.37890073187367,423.8427776288157,414.27180639809103,380.8936164852429,353.34910931676797,320.0,218.90254462127163,110.4789296713619,37.12999638402488,0.0,158.9976129022426,132.44676827418235,139.6634233724995,143.88666065389575,225.5583772168629,209.6824453412802,217.59425434020923,228.2518769127608,291.75250104946406,279.12667966201025,285.179905153388,294.80676699958576,353.08265343302895,345.09226278302623,346.62975878259397,353.6468009703559,320.0,332.20273541242045,412.8217244872611,474.2579761855371,516.8362570550333,575.8689001894296,630.6668900399499,554.8404972961505,507.872028115624,593.0942994122797,640.0,549.6454089175306,491.6873943418987,590.9540332444567,635.1226198535085,556.5704568526319,509.10992223773815,576.2112284987898,622.1386801474894,561.8269693829803,520.637916284385,320.0,216.02955152480405,113.75128241643586,41.62928646785457,0.0,162.92399666353754,134.4150291940467,148.04174646954024,157.85420123983874,230.5776904588217,210.63517759106247,221.31743766656882,231.8992551085949,299.14431944012534,286.3276534031627,289.4689270134301,296.8754087021219,362.6318527538894,354.7787268547447,349.8149542108307,351.99551263234684,320.0,341.3168323546697,417.9151522252755,476.9259115874987,513.3464595916292,576.899125998093,639.4318393835779,557.7744579480761,502.85170204607596,593.8130513642045,640.0,552.3744831238912,495.4167191162814,590.4936016747987,633.9946233537089,558.0065187943793,507.92790638819156,573.9009133754039,621.7076433405086,567.0854349465119,523.2688341618393,320.0,214.92166543384778,118.53098805210436,56.571432869877015,0.0,177.474006744982,210.59171796446975,248.87697804746563,261.82196757895264,253.58741271015384,284.59647706330003,305.450176146835,302.98206436568336,321.515208806088,352.2351767110064,359.99857578075046,352.4530220779058,382.40054160450336,414.8302145104873,454.39277860662213,481.2201747677494,320.0,346.71688604685943,419.1195870277221,483.224697256158,521.8995746981008,510.34702981507905,549.6714302841485,488.42690208580444,440.7187326061081,519.6813524844846,551.6194280665195,477.40997199673535,431.38726643174743,516.4133463688386,555.5687302234068,488.35425921950946,439.11641467024447,506.8380234098009,573.8488482900375,607.2153471788197,640.0
320.0,293.03684968795756,217.72937760908906,140.65964144889665,70.58851153827447,107.00675742536896,27.050901241628708,1.578443326686056,0.0,93.19792765579899,39.07090013467888,100.93315868125381,163.49876642185185,91.11686203212503,40.83557937920244,91.95224014772748,144.2289843064708,99.8060825214304,30.57972302774249,24.957759801956627,29.236623937286254,320.0,198.24271140567612,68.8320433617601,9.923393504013859,0.0,124.10475492939497,84.03917962486753,45.39538633463917,14.616598613992892,217.0846342521194,172.6540902686176,137.08189894852768,118.27798242567442,316.3565756158482,280.1313665540753,230.2653424438138,198.37890073187367,423.8427776288157,414.27180639809103,380.8936164852429,353.34910931676797,320.0,218.90254462127163,110.4789296713619,37.12999638402488,0.0,158.9976129022426,132.44676827418235,139.6634233724995,143.88666065389575,225.5583772168629,209.6824453412802,217.59425434020923,228.2518769127608,291.75250104946406,279.12667966201025,285.179905153388,294.80676699958576,353.08265343302895,345.09226278302623,346.62975878259397,353.6468009703559,320.0,332.20273541242045,412.8217244872611,474.2579761855371,516.8362570550333,575.8689001894296,630.6668900399499,554.8404972961505,507.872028115624,593.0942994122797,640.0,549.6454089175306,491.6873943418987,590.9540332444567,635.1226198535085,556.5704568526319,509.10992223773815,576.2112284987898,622.1386801474894,561.8269693829803,520.637916284385,320.0,216.02955152480405,113.75128241643586,41.62928646785457,0.0,162.92399666353754,134.4150291940467,148.04174646954024,157.85420123983874,230.5776904588217,210.63517759106247,221.31743766656882,231.8992551085949,299.14431944012534,286.3276534031627,289.4689270134301,296.8754087021219,362.6318527538894,354.7787268547447,349.8149542108307,351.99551263234684,320.0,341.3168323546697,417.9151522252755,476.9259115874987,513.3464595916292,576.899125998093,639.4318393835779,557.7744579480761,502.85170204607596,593.8130513642045,640.0,552.3744831238912,495.4167191162814,590.4936016747987,633.9946233537089,558.0065187943793,507.92790638819156,573.9009133754039,621.7076433405086,567.0854349465119,523.2688341618393,320.0,214.92166543384778,118.53098805210436,56.571432869877015,0.0,177.474006744982,210.59171796446975,248.87697804746563,261.82196757895264,253.58741271015384,284.59647706330003,305.450176146835,302.98206436568336,321.515208806088,352.2351767110064,359.99857578075046,352.4530220779058,382.40054160450336,414.8302145104873,454.39277860662213,481.2201747677494,320.0,346.71688604685943,419.1195870277221,483.224697256158,521.8995746981008,510.34702981507905,549.6714302841485,488.42690208580444,440.7187326061081,519.6813524844846,551.6194280665195,477.40997199673535,431.38726643174743,516.4133463688386,555.5687302234068,488.35425921950946,439.11641467024447,506.8380234098009,573.8488482900375,607.2153471788197,640.0,320.0,213.97857412588726,118.00649344291404,59.81288151094145,0.0,186.99481249647715,214.35819893095564,246.82268253976235,248.5014828432378,271.39947217290586,299.6701305595375,314.4815949873098,301.2687379809251,346.3788854343168,379.98021111495996,381.00222578646793,362.96932775744403,414.11629714447815,454.5189445892695,499.1180423664204,528.3450876699475,320.0,348.0163446692332,422.85275292494583,489.4035356145529,527.0950820940345,514.8292308700646,558.9561416609631,494.2646886594083,450.1655418872441,522.3109032868773,561.358932675478,481.4327694931025,440.31778197294295,516.3471404887284,562.841041322616,495.00804232508614,449.5794460304652,502.7184455587777,571.3703541738969,603.5259874008946,640.0
320.0,218.90254462127163,110.4789296713619,37.12999638402488,0.0,158.9976129022426,132.44676827418235,139.6634233724995,143.88666065389575,225.5583772168629,209.6824453412802,217.59425434020923,228.2518769127608,291.75250104946406,279.12667966201025,285.179905153388,294.80676699958576,353.08265343302895,345.09226278302623,346.62975878259397,353.6468009703559,320.0,332.20273541242045,412.8217244872611,474.2579761855371,516.8362570550333,575.8689001894296,630.6668900399499,554.8404972961505,507.872028115624,593.0942994122797,640.0,549.6454089175306,491.6873943418987,590.9540332444567,635.1226198535085,556.5704568526319,509.10992223773815,576.2112284987898,622.1386801474894,561.8269693829803,520.637916284385,320.0,216.02955152480405,113.75128241643586,41.62928646785457,0.0,162.92399666353754,134.4150291940467,148.04174646954024,157.85420123983874,230.5776904588217,210.63517759106247,221.31743766656882,231.8992551085949,299.14431944012534,286.3276534031627,289.4689270134301,296.8754087021219,362.6318527538894,354.7787268547447,349.8149542108307,351.99551263234684,320.0,341.3168323546697,417.9151522252755,476.9259115874987,513.3464595916292,576.899125998093,639.4318393835779,557.7744579480761,502.85170204607596,593.8130513642045,640.0,552.3744831238912,495.4167191162814,590.4936016747987,633.9946233537089,558.0065187943793,507.92790638819156,573.9009133754039,621.7076433405086,567.0854349465119,523.2688341618393,320.0,214.92166543384778,118.53098805210436,56.571432869877015,0.0,177.474006744982,210.59171796446975,248.87697804746563,261.82196757895264,253.58741271015384,284.59647706330003,305.450176146835,302.98206436568336,321.515208806088,352.2351767110064,359.99857578075046,352.4530220779058,382.40054160450336,414.8302145104873,454.39277860662213,481.2201747677494,320.0,346.71688604685943,419.1195870277221,483.224697256158,521.8995746981008,510.34702981507905,549.6714302841485,488.42690208580444,440.7187326061081,519.6813524844846,551.6194280665195,477.40997199673535,431.38726643174743,516.4133463688386,555.5687302234068,488.35425921950946,439.11641467024447,506.8380234098009,573.8488482900375,607.2153471788197,640.0,320.0,213.97857412588726,118.00649344291404,59.81288151094145,0.0,186.99481249647715,214.35819893095564,246.82268253976235,248.5014828432378,271.39947217290586,299.6701305595375,314.4815949873098,301.2687379809251,346.3788854343168,379.98021111495996,381.00222578646793,362.96932775744403,414.11629714447815,454.5189445892695,499.1180423664204,528.3450876699475,320.0,348.0163446692332,422.85275292494583,489.4035356145529,527.0950820940345,514.8292308700646,558.9561416609631,494.2646886594083,450.1655418872441,522.3109032868773,561.358932675478,481.4327694931025,440.31778197294295,516.3471404887284,562.841041322616,495.00804232508614,449.5794460304652,502.7184455587777,571.3703541738969,603.5259874008946,640.0,320.0,211.37334099896853,115.98673697892661,56.585657952612905,0.0,186.894526731335,216.66129404584026,249.60617414019023,256.8953407129195,270.1096769571571,297.9753941327078,312.87451305541725,305.0832148523651,344.1260649485407,376.5217308689292,374.9273335272852,356.55922537712127,410.8532863671951,449.72103541538866,491.71052966064155,519.7255469789343,320.0,348.844316139599,422.83506171237696,488.4707037801799,527.2965857927338,520.5094766249001,564.0153412886534,497.78288734351895,450.1239968428358,526.7160661307371,566.116993270565,486.1611070713607,439.05790374317206,520.1279672491435,564.9871368963521,493.57402125241754,443.23405401477055,505.7045390872883,574.573441362327,605.8790645169811,640.0
320.0,216.02955152480405,113.75128241643586,41.62928646785457,0.0,162.92399666353754,134.4150291940467,148.04174646954024,157.85420123983874,230.5776904588217,210.63517759106247,221.31743766656882,231.8992551085949,299.14431944012534,286.3276534031627,289.4689270134301,296.8754087021219,362.6318527538894,354.7787268547447,349.8149542108307,351.99551263234684,320.0,341.3168323546697,417.9151522252755,476.9259115874987,513.3464595916292,576.899125998093,639.4318393835779,557.7744579480761,502.85170204607596,593.8130513642045,640.0,552.3744831238912,495.4167191162814,590.4936016747987,633.9946233537089,558.0065187943793,507.92790638819156,573.9009133754039,621.7076433405086,567.0854349465119,523.2688341618393,320.0,214.92166543384778,118.53098805210436,56.571432869877015,0.0,177.474006744982,210.59171796446975,248.87697804746563,261.82196757895264,253.58741271015384,284.59647706330003,305.450176146835,302.98206436568336,321.515208806088,352.2351767110064,359.99857578075046,352.4530220779058,382.40054160450336,414.8302145104873,454.39277860662213,481.2201747677494,320.0,346.71688604685943,419.1195870277221,483.224697256158,521.8995746981008,510.34702981507905,549.6714302841485,488.42690208580444,440.7187326061081,519.6813524844846,551.6194280665195,477.40997199673535,431.38726643174743,516.4133463688386,555.5687302234068,488.35425921950946,439.11641467024447,506.8380234098009,573.8488482900375,607.2153471788197,640.0,320.0,213.97857412588726,118.00649344291404,59.81288151094145,0.0,186.99481249647715,214.35819893095564,246.82268253976235,248.5014828432378,271.39947217290586,299.6701305595375,314.4815949873098,301.2687379809251,346.3788854343168,379.98021111495996,381.00222578646793,362.96932775744403,414.11629714447815,454.5189445892695,499.1180423664204,528.3450876699475,320.0,348.0163446692332,422.85275292494583,489.4035356145529,527.0950820940345,514.8292308700646,558.9561416609631,494.2646886594083,450.1655418872441,522.3109032868773,561.358932675478,481.4327694931025,440.31778197294295,516.3471404887284,562.841041322616,495.00804232508614,449.5794460304652,502.7184455587777,571.3703541738969,603.5259874008946,640.0,320.0,211.37334099896853,115.98673697892661,56.585657952612905,0.0,186.894526731335,216.66129404584026,249.60617414019023,256.8953407129195,270.1096769571571,297.9753941327078,312.87451305541725,305.0832148523651,344.1260649485407,376.5217308689292,374.9273335272852,356.55922537712127,410.8532863671951,449.72103541538866,491.71052966064155,519.7255469789343,320.0,348.844316139599,422.83506171237696,488.4707037801799,527.2965857927338,520.5094766249001,564.0153412886534,497.78288734351895,450.1239968428358,526.7160661307371,566.116993270565,486.1611070713607,439.05790374317206,520.1279672491435,564.9871368963521,493.57402125241754,443.23405401477055,505.7045390872883,574.573441362327,605.8790645169811,640.0,320.0,210.03852957569,112.46750833999727,51.110249513331894,0.0,188.674566441305,212.18164635180653,244.5928546619171,254.90698782723888,268.278527637095,290.5399794832029,304.3436644292049,300.4609009620278,339.54814581465416,366.2215975638323,364.28986841786417,350.52035120879475,404.32508622709025,437.0491353058537,476.09591198778685,503.37226678298236,320.0,350.8895253875191,418.9712376915278,477.93041120770937,516.8054308479154,507.9569782034623,556.5541373216599,496.69245492797216,448.53158577518246,514.3945967182196,556.599179747831,482.4578987819946,433.0768822435109,509.13944832340826,553.5368482195563,489.7584756885181,442.8317179249991,497.2453528378817,567.1684829672017,603.0552058419984,640.0
320.0,214.92166543384778,118.53098805210436,56.571432869877015,0.0,177.474006744982,210.59171796446975,248.87697804746563,261.82196757895264,253.58741271015384,284.59647706330003,305.450176146835,302.98206436568336,321.515208806088,352.2351767110064,359.99857578075046,352.4530220779058,382.40054160450336,414.8302145104873,454.39277860662213,481.2201747677494,320.0,346.71688604685943,419.1195870277221,483.224697256158,521.8995746981008,510.34702981507905,549.6714302841485,488.42690208580444,440.7187326061081,519.6813524844846,551.6194280665195,477.40997199673535,431.38726643174743,516.4133463688386,555.5687302234068,488.35425921950946,439.11641467024447,506.8380234098009,573.8488482900375,607.2153471788197,640.0,320.0,213.97857412588726,118.00649344291404,59.81288151094145,0.0,186.99481249647715,214.35819893095564,246.82268253976235,248.5014828432378,271.39947217290586,299.6701305595375,314.4815949873098,301.2687379809251,346.3788854343168,379.98021111495996,381.00222578646793,362.96932775744403,414.11629714447815,454.5189445892695,499.1180423664204,528.3450876699475,320.0,348.0163446692332,422.85275292494583,489.4035356145529,527.0950820940345,514.8292308700646,558.9561416609631,494.2646886594083,450.1655418872441,522.3109032868773,561.358932675478,481.4327694931025,440.31778197294295,516.3471404887284,562.841041322616,495.00804232508614,449.5794460304652,502.7184455587777,571.3703541738969,603.5259874008946,640.0,320.0,211.37334099896853,115.98673697892661,56.585657952612905,0.0,186.894526731335,216.66129404584026,249.60617414019023,256.8953407129195,270.1096769571571,297.9753941327078,312.87451305541725,305.0832148523651,344.1260649485407,376.5217308689292,374.9273335272852,356.55922537712127,410.8532863671951,449.72103541538866,491.71052966064155,519.7255469789343,320.0,348.844316139599,422.83506171237696,488.4707037801799,527.2965857927338,520.5094766249001,564.0153412886534,497.78288734351895,450.1239968428358,526.7160661307371,566.116993270565,486.1611070713607,439.05790374317206,520.1279672491435,564.9871368963521,493.57402125241754,443.23405401477055,505.7045390872883,574.573441362327,605.8790645169811,640.0,320.0,210.03852957569,112.46750833999727,51.110249513331894,0.0,188.674566441305,212.18164635180653,244.5928546619171,254.90698782723888,268.278527637095,290.5399794832029,304.3436644292049,300.4609009620278,339.54814581465416,366.2215975638323,364.28986841786417,350.52035120879475,404.32508622709025,437.0491353058537,476.09591198778685,503.37226678298236,320.0,350.8895253875191,418.9712376915278,477.93041120770937,516.8054308479154,507.9569782034623,556.5541373216599,496.69245492797216,448.53158577518246,514.3945967182196,556.599179747831,482.4578987819946,433.0768822435109,509.13944832340826,553.5368482195563,489.7584756885181,442.8317179249991,497.2453528378817,567.1684829672017,603.0552058419984,640.0,320.0,214.37066620544348,117.77944621770783,55.42602871114326,0.0,184.70589160206922,212.17306875894275,243.49069953930092,250.54183241874873,264.7154043302568,291.93147691001434,306.9355650246073,299.80023270806146,335.70056132958064,367.282818912247,366.6368968065536,348.2821270774698,399.25674931995786,433.255004009497,472.01779902199723,496.29380965109516,320.0,349.12960192731714,417.3166419610591,476.97620947904005,514.4498456182616,507.4548907844287,554.6341738302272,492.05400250160096,443.8625901947846,514.7007251019231,557.3123815925971,479.7336243919017,430.000017318571,510.3754093344167,554.4807046473586,485.81006616626655,436.84721543356443,498.89207772627947,568.5821778849042,603.1451004497101,640.0
320.0,213.97857412588726,118.00649344291404,59.81288151094145,0.0,186.99481249647715,214.35819893095564,246.82268253976235,248.5014828432378,271.39947217290586,299.6701305595375,314.4815949873098,301.2687379809251,346.3788854343168,379.98021111495996,381.00222578646793,362.96932775744403,414.11629714447815,454.5189445892695,499.1180423664204,528.3450876699475,320.0,348.0163446692332,422.85275292494583,489.4035356145529,527.0950820940345,514.8292308700646,558.9561416609631,494.2646886594083,450.1655418872441,522.3109032868773,561.358932675478,481.4327694931025,440.31778197294295,516.3471404887284,562.841041322616,495.00804232508614,449.5794460304652,502.7184455587777,571.3703541738969,603.5259874008946,640.0,320.0,211.37334099896853,115.98673697892661,56.585657952612905,0.0,186.894526731335,216.66129404584026,249.60617414019023,256.8953407129195,270.1096769571571,297.9753941327078,312.87451305541725,305.0832148523651,344.1260649485407,376.5217308689292,374.9273335272852,356.55922537712127,410.8532863671951,449.72103541538866,491.71052966064155,519.7255469789343,320.0,348.844316139599,422.83506171237696,488.4707037801799,527.2965857927338,520.5094766249001,564.0153412886534,497.78288734351895,450.1239968428358,526.7160661307371,566.116993270565,486.1611070713607,439.05790374317206,520.1279672491435,564.9871368963521,493.57402125241754,443.23405401477055,505.7045390872883,574.573441362327,605.8790645169811,640.0,320.0,210.03852957569,112.46750833999727,51.110249513331894,0.0,188.674566441305,212.18164635180653,244.5928546619171,254.90698782723888,268.278527637095,290.5399794832029,304.3436644292049,300.4609009620278,339.54814581465416,366.2215975638323,364.28986841786417,350.52035120879475,404.32508622709025,437.0491353058537,476.09591198778685,503.37226678298236,320.0,350.8895253875191,418.9712376915278,477.93041120770937,516.8054308479154,507.9569782034623,556.5541373216599,496.69245492797216,448.53158577518246,514.3945967182196,556.599179747831,482.4578987819946,433.0768822435109,509.13944832340826,553.5368482195563,489.7584756885181,442.8317179249991,497.2453528378817,567.1684829672017,603.0552058419984,640.0,320.0,214.37066620544348,117.77944621770783,55.42602871114326,0.0,184.70589160206922,212.17306875894275,243.49069953930092,250.54183241874873,264.7154043302568,291.93147691001434,306.9355650246073,299.80023270806146,335.70056132958064,367.282818912247,366.6368968065536,348.2821270774698,399.25674931995786,433.255004009497,472.01779902199723,496.29380965109516,320.0,349.12960192731714,417.3166419610591,476.97620947904005,514.4498456182616,507.4548907844287,554.6341738302272,492.05400250160096,443.8625901947846,514.7007251019231,557.3123815925971,479.7336243919017,430.000017318571,510.3754093344167,554.4807046473586,485.81006616626655,436.84721543356443,498.89207772627947,568.5821778849042,603.1451004497101,640.0,320.0,216.2329743610254,118.70835551499167,56.46489741702402,0.0,184.53968515004323,216.77559879298656,246.87726386439556,252.96608870560055,266.0379637374291,296.33112928592493,311.19487324843567,304.6387045696245,338.1976329241309,371.8299340226602,371.4625933399628,353.23181151631127,402.44671868374223,436.4473938838989,474.91005404830685,498.4501448649637,320.0,349.7755696130489,418.68284426044636,477.39869856935377,512.7016174080577,507.55925893916753,554.168730672996,490.8582823392025,442.49948882907074,514.7841593925814,556.5466767565836,480.0701094643561,430.83281864920184,510.44260024746995,554.1750544370691,486.4177773655621,437.86653063547504,499.38469775569615,569.3593816201906,603.5650009169458,640.0
320.0,211.37334099896853,115.98673697892661,56.585657952612905,0.0,186.894526731335,216.66129404584026,249.60617414019023,256.8953407129195,270.1096769571571,297.9753941327078,312.87451305541725,305.0832148523651,344.1260649485407,376.5217308689292,374.9273335272852,356.55922537712127,410.8532863671951,449.72103541538866,491.71052966064155,519.7255469789343,320.0,348.844316139599,422.83506171237696,488.4707037801799,527.2965857927338,520.5094766249001,564.0153412886534,497.78288734351895,450.1239968428358,526.7160661307371,566.116993270565,486.1611070713607,439.05790374317206,520.1279672491435,564.9871368963521,493.57402125241754,443.23405401477055,505.7045390872883,574.573441362327,605.8790645169811,640.0,320.0,210.03852957569,112.46750833999727,51.110249513331894,0.0,188.674566441305,212.18164635180653,244.5928546619171,254.90698782723888,268.278527637095,290.5399794832029,304.3436644292049,300.4609009620278,339.54814581465416,366.2215975638323,364.28986841786417,350.52035120879475,404.32508622709025,437.0491353058537,476.09591198778685,503.37226678298236,320.0,350.8895253875191,418.9712376915278,477.93041120770937,516.8054308479154,507.9569782034623,556.5541373216599,496.69245492797216,448.53158577518246,514.3945967182196,556.599179747831,482.4578987819946,433.0768822435109,509.13944832340826,553.5368482195563,489.7584756885181,442.8317179249991,497.2453528378817,567.1684829672017,603.0552058419984,640.0,320.0,214.37066620544348,117.77944621770783,55.42602871114326,0.0,184.70589160206922,212.17306875894275,243.49069953930092,250.54183241874873,264.7154043302568,291.93147691001434,306.9355650246073,299.80023270806146,335.70056132958064,367.282818912247,366.6368968065536,348.2821270774698,399.25674931995786,433.255004009497,472.01779902199723,496.29380965109516,320.0,349.12960192731714,417.3166419610591,476.97620947904005,514.4498456182616,507.4548907844287,554.6341738302272,492.05400250160096,443.8625901947846,514.7007251019231,557.3123815925971,479.7336243919017,430.000017318571,510.3754093344167,554.4807046473586,485.81006616626655,436.84721543356443,498.89207772627947,568.5821778849042,603.1451004497101,640.0,320.0,216.2329743610254,118.70835551499167,56.46489741702402,0.0,184.53968515004323,216.77559879298656,246.87726386439556,252.96608870560055,266.0379637374291,296.33112928592493,311.19487324843567,304.6387045696245,338.1976329241309,371.8299340226602,371.4625933399628,353.23181151631127,402.44671868374223,436.4473938838989,474.91005404830685,498.4501448649637,320.0,349.7755696130489,418.68284426044636,477.39869856935377,512.7016174080577,507.55925893916753,554.168730672996,490.8582823392025,442.49948882907074,514.7841593925814,556.5466767565836,480.0701094643561,430.83281864920184,510.44260024746995,554.1750544370691,486.4177773655621,437.86653063547504,499.38469775569615,569.3593816201906,603.5650009169458,640.0,320.0,215.26658984439797,119.0217614417515,55.03716658733396,0.0,185.58120509232208,208.5619649042667,239.16449137570766,246.40853268646424,264.6912744046479,288.6747075724737,303.1349097157855,296.69774834619636,335.2971677982446,365.00334477135203,363.79542699119725,346.9745989350878,398.62609886445136,432.38313605171277,469.4434585969484,493.12611338553376,320.0,349.4449499835992,417.02678137712775,475.8737062231589,513.4333226126465,506.4301684924254,554.7122481493492,491.6163713681453,443.5838714327625,513.8796584692938,555.5081405719197,478.4575853833427,430.8002650771983,509.5694840400771,552.8352415178894,485.2087296412425,437.7123102351827,498.33085034409675,567.3801883305812,602.3971526850524,640.0
320.0,210.03852957569,112.46750833999727,51.110249513331894,0.0,188.674566441305,212.18164635180653,244.5928546619171,254.90698782723888,268.278527637095,290.5399794832029,304.3436644292049,300.4609009620278,339.54814581465416,366.2215975638323,364.28986841786417,350.52035120879475,404.32508622709025,437.0491353058537,476.09591198778685,503.37226678298236,320.0,350.8895253875191,418.9712376915278,477.93041120770937,516.8054308479154,507.9569782034623,556.5541373216599,496.69245492797216,448.53158577518246,514.3945967182196,556.599179747831,482.4578987819946,433.0768822435109,509.13944832340826,553.5368482195563,489.7584756885181,442.8317179249991,497.2453528378817,567.1684829672017,603.0552058419984,640.0,320.0,214.37066620544348,117.77944621770783,55.42602871114326,0.0,184.70589160206922,212.17306875894275,243.49069953930092,250.54183241874873,264.7154043302568,291.93147691001434,306.9355650246073,299.80023270806146,335.70056132958064,367.282818912247,366.6368968065536,348.2821270774698,399.25674931995786,433.255004009497,472.01779902199723,496.29380965109516,320.0,349.12960192731714,417.3166419610591,476.97620947904005,514.4498456182616,507.4548907844287,554.6341738302272,492.05400250160096,443.8625901947846,514.7007251019231,557.3123815925971,479.7336243919017,430.000017318571,510.3754093344167,554.4807046473586,485.81006616626655,436.84721543356443,498.89207772627947,568.5821778849042,603.1451004497101,640.0,320.0,216.2329743610254,118.70835551499167,56.46489741702402,0.0,184.53968515004323,216.77559879298656,246.87726386439556,252.96608870560055,266.0379637374291,296.33112928592493,311.19487324843567,304.6387045696245,338.1976329241309,371.8299340226602,371.4625933399628,353.23181151631127,402.44671868374223,436.4473938838989,474.91005404830685,498.4501448649637,320.0,349.7755696130489,418.68284426044636,477.39869856935377,512.7016174080577,507.55925893916753,554.168730672996,490.8582823392025,442.49948882907074,514.7841593925814,556.5466767565836,480.0701094643561,430.83281864920184,510.44260024746995,554.1750544370691,486.4177773655621,437.86653063547504,499.38469775569615,569.3593816201906,603.5650009169458,640.0,320.0,215.26658984439797,119.0217614417515,55.03716658733396,0.0,185.58120509232208,208.5619649042667,239.16449137570766,246.40853268646424,264.6912744046479,288.6747075724737,303.1349097157855,296.69774834619636,335.2971677982446,365.00334477135203,363.79542699119725,346.9745989350878,398.62609886445136,432.38313605171277,469.4434585969484,493.12611338553376,320.0,349.4449499835992,417.02678137712775,475.8737062231589,513.4333226126465,506.4301684924254,554.7122481493492,491.6163713681453,443.5838714327625,513.8796584692938,555.5081405719197,478.4575853833427,430.8002650771983,509.5694840400771,552.8352415178894,485.2087296412425,437.7123102351827,498.33085034409675,567.3801883305812,602.3971526850524,640.0,320.0,215.9937627437928,118.50330848046369,55.154382839846335,0.0,184.49103944354636,212.55529278133582,241.51687911216587,243.48656422721592,265.53329515455283,293.12600472393666,307.7760977003492,297.16624292553115,337.4118436376462,370.267845559417,370.6190036838107,350.08737208087933,401.74297215057106,435.24409714141586,474.13401951817247,496.8273133428839,320.0,348.7425754885325,415.3312540698047,472.8185707436395,509.3020683863874,504.39213655673586,552.5926906937807,487.65975098999013,441.418048348915,511.37124302368954,554.2936968802155,475.97038144263274,431.5518132999526,507.52012459126126,552.1900834178092,483.06588349480296,437.78299001775684,497.15964356771474,567.6762591197796,601.5221079554722,640.0
320.0,214.37066620544348,117.77944621770783,55.42602871114326,0.0,184.70589160206922,212.17306875894275,243.49069953930092,250.54183241874873,264.7154043302568,291.93147691001434,306.9355650246073,299.80023270806146,335.70056132958064,367.282818912247,366.6368968065536,348.2821270774698,399.25674931995786,433.255004009497,472.01779902199723,496.29380965109516,320.0,349.12960192731714,417.3166419610591,476.97620947904005,514.4498456182616,507.4548907844287,554.6341738302272,492.05400250160096,443.8625901947846,514.7007251019231,557.3123815925971,479.7336243919017,430.000017318571,510.3754093344167,554.4807046473586,485.81006616626655,436.84721543356443,498.89207772627947,568.5821778849042,603.1451004497101,640.0,320.0,216.2329743610254,118.70835551499167,56.46489741702402,0.0,184.53968515004323,216.77559879298656,246.87726386439556,252.96608870560055,266.0379637374291,296.33112928592493,311.19487324843567,304.6387045696245,338.1976329241309,371.8299340226602,371.4625933399628,353.23181151631127,402.44671868374223,436.4473938838989,474.91005404830685,498.4501448649637,320.0,349.7755696130489,418.68284426044636,477.39869856935377,512.7016174080577,507.55925893916753,554.168730672996,490.8582823392025,442.49948882907074,514.7841593925814,556.5466767565836,480.0701094643561,430.83281864920184,510.44260024746995,554.1750544370691,486.4177773655621,437.86653063547504,499.38469775569615,569.3593816201906,603.5650009169458,640.0,320.0,215.26658984439797,119.0217614417515,55.03716658733396,0.0,185.58120509232208,208.5619649042667,239.16449137570766,246.40853268646424,264.6912744046479,288.6747075724737,303.1349097157855,296.69774834619636,335.2971677982446,365.00334477135203,363.79542699119725,346.9745989350878,398.62609886445136,432.38313605171277,469.4434585969484,493.12611338553376,320.0,349.4449499835992,417.02678137712775,475.8737062231589,513.4333226126465,506.4301684924254,554.7122481493492,491.6163713681453,443.5838714327625,513.8796584692938,555.5081405719197,478.4575853833427,430.8002650771983,509.5694840400771,552.8352415178894,485.2087296412425,437.7123102351827,498.33085034409675,567.3801883305812,602.3971526850524,640.0,320.0,215.9937627437928,118.50330848046369,55.154382839846335,0.0,184.49103944354636,212.55529278133582,241.51687911216587,243.48656422721592,265.53329515455283,293.12600472393666,307.7760977003492,297.16624292553115,337.4118436376462,370.267845559417,370.6190036838107,350.08737208087933,401.74297215057106,435.24409714141586,474.13401951817247,496.8273133428839,320.0,348.7425754885325,415.3312540698047,472.8185707436395,509.3020683863874,504.39213655673586,552.5926906937807,487.65975098999013,441.418048348915,511.37124302368954,554.2936968802155,475.97038144263274,431.5518132999526,507.52012459126126,552.1900834178092,483.06588349480296,437.78299001775684,497.15964356771474,567.6762591197796,601.5221079554722,640.0,320.0,216.11635868289875,118.43422127194432,54.65101474805914,0.0,184.4382409776069,213.5150945204284,242.34220416794835,244.48599353154862,266.2437332003995,294.41312221872056,309.00603710393057,298.2880561018312,338.4705852467094,371.23500438767144,371.47661933246525,350.87649050670876,402.72535138470084,435.8306230543777,475.9449816935129,499.77528180319837,320.0,348.423148980113,415.2056145198185,472.7442065002799,508.9321173840153,504.69165698552035,553.6082659242394,488.9775951753394,442.2339233481864,511.6512665651293,554.8277566873026,476.52089711822885,431.53880175524864,507.6422656580993,553.0637129100429,483.80244851577686,437.4974904793753,497.29537552943873,568.2302439143709,602.1088773685574,640.0
320.0,216.2329743610254,118.70835551499167,56.46489741702402,0.0,184.53968515004323,216.77559879298656,246.87726386439556,252.96608870560055,266.0379637374291,296.33112928592493,311.19487324843567,304.6387045696245,338.1976329241309,371.8299340226602,371.4625933399628,353.23181151631127,402.44671868374223,436.4473938838989,474.91005404830685,498.4501448649637,320.0,349.7755696130489,418.68284426044636,477.39869856935377,512.7016174080577,507.55925893916753,554.168730672996,490.8582823392025,442.49948882907074,514.7841593925814,556.5466767565836,480.0701094643561,430.83281864920184,510.44260024746995,554.1750544370691,486.4177773655621,437.86653063547504,499.38469775569615,569.3593816201906,603.5650009169458,640.0,320.0,215.26658984439797,119.0217614417515,55.03716658733396,0.0,185.58120509232208,208.5619649042667,239.16449137570766,246.40853268646424,264.6912744046479,288.6747075724737,303.1349097157855,296.69774834619636,335.2971677982446,365.00334477135203,363.79542699119725,346.9745989350878,398.62609886445136,432.38313605171277,469.4434585969484,493.12611338553376,320.0,349.4449499835992,417.02678137712775,475.8737062231589,513.4333226126465,506.4301684924254,554.7122481493492,491.6163713681453,443.5838714327625,513.8796584692938,555.5081405719197,478.4575853833427,430.8002650771983,509.5694840400771,552.8352415178894,485.2087296412425,437.7123102351827,498.33085034409675,567.3801883305812,602.3971526850524,640.0,320.0,215.9937627437928,118.50330848046369,55.154382839846335,0.0,184.49103944354636,212.55529278133582,241.51687911216587,243.48656422721592,265.53329515455283,293.12600472393666,307.7760977003492,297.16624292553115,337.4118436376462,370.267845559417,370.6190036838107,350.08737208087933,401.74297215057106,435.24409714141586,474.13401951817247,496.8273133428839,320.0,348.7425754885325,415.3312540698047,472.8185707436395,509.3020683863874,504.39213655673586,552.5926906937807,487.65975098999013,441.418048348915,511.37124302368954,554.2936968802155,475.97038144263274,431.5518132999526,507.52012459126126,552.1900834178092,483.06588349480296,437.78299001775684,497.15964356771474,567.6762591197796,601.5221079554722,640.0,320.0,216.11635868289875,118.43422127194432,54.65101474805914,0.0,184.4382409776069,213.5150945204284,242.34220416794835,244.48599353154862,266.2437332003995,294.41312221872056,309.00603710393057,298.2880561018312,338.4705852467094,371.23500438767144,371.47661933246525,350.87649050670876,402.72535138470084,435.8306230543777,475.9449816935129,499.77528180319837,320.0,348.423148980113,415.2056145198185,472.7442065002799,508.9321173840153,504.69165698552035,553.6082659242394,488.9775951753394,442.2339233481864,511.6512665651293,554.8277566873026,476.52089711822885,431.53880175524864,507.6422656580993,553.0637129100429,483.80244851577686,437.4974904793753,497.29537552943873,568.2302439143709,602.1088773685574,640.0,320.0,215.4345439936337,118.02808945566696,55.3536016100885,0.0,183.5684871154845,214.47764815195907,244.15097466544205,248.0253795978312,264.42216449708,293.2625767637529,308.1738917515063,299.3981129535435,336.32440258085967,367.7305251674625,368.5543617637815,350.6869974849832,401.04677652581296,435.0832677849662,473.5461488291747,496.9866331098841,320.0,349.70762642286275,416.4817281693956,475.7568317739196,511.5301156664191,504.3437711360357,551.1365108731292,487.1179594726663,440.62435684412884,512.3473994723283,553.2690349058412,475.10225287370884,429.49854301600703,509.1255720094341,553.719937000424,484.21702224045544,436.0838255505203,499.0358403806585,569.2486249862063,603.2291559419023,640.0
320.0,215.26658984439797,119.0217614417515,55.03716658733396,0.0,185.58120509232208,208.5619649042667,239.16449137570766,246.40853268646424,264.6912744046479,288.6747075724737,303.1349097157855,296.69774834619636,335.2971677982446,365.00334477135203,363.79542699119725,346.9745989350878,398.62609886445136,432.38313605171277,469.4434585969484,493.12611338553376,320.0,349.4449499835992,417.02678137712775,475.8737062231589,513.4333226126465,506.4301684924254,554.7122481493492,491.6163713681453,443.5838714327625,513.8796584692938,555.5081405719197,478.4575853833427,430.8002650771983,509.5694840400771,552.8352415178894,485.2087296412425,437.7123102351827,498.33085034409675,567.3801883305812,602.3971526850524,640.0,320.0,215.9937627437928,118.50330848046369,55.154382839846335,0.0,184.49103944354636,212.55529278133582,241.51687911216587,243.48656422721592,265.53329515455283,293.12600472393666,307.7760977003492,297.16624292553115,337.4118436376462,370.267845559417,370.6190036838107,350.08737208087933,401.74297215057106,435.24409714141586,474.13401951817247,496.8273133428839,320.0,348.7425754885325,415.3312540698047,472.8185707436395,509.3020683863874,504.39213655673586,552.5926906937807,487.65975098999013,441.418048348915,511.37124302368954,554.2936968802155,475.97038144263274,431.5518132999526,507.52012459126126,552.1900834178092,483.06588349480296,437.78299001775684,497.15964356771474,567.6762591197796,601.5221079554722,640.0,320.0,216.11635868289875,118.43422127194432,54.65101474805914,0.0,184.4382409776069,213.5150945204284,242.34220416794835,244.48599353154862,266.2437332003995,294.41312221872056,309.00603710393057,298.2880561018312,338.4705852467094,371.23500438767144,371.47661933246525,350.87649050670876,402.72535138470084,435.8306230543777,475.9449816935129,499.77528180319837,320.0,348.423148980113,415.2056145198185,472.7442065002799,508.9321173840153,504.69165698552035,553.6082659242394,488.9775951753394,442.2339233481864,511.6512665651293,554.8277566873026,476.52089711822885,431.53880175524864,507.6422656580993,553.0637129100429,483.80244851577686,437.4974904793753,497.29537552943873,568.2302439143709,602.1088773685574,640.0,320.0,215.4345439936337,118.02808945566696,55.3536016100885,0.0,183.5684871154845,214.47764815195907,244.15097466544205,248.0253795978312,264.42216449708,293.2625767637529,308.1738917515063,299.3981129535435,336.32440258085967,367.7305251674625,368.5543617637815,350.6869974849832,401.04677652581296,435.0832677849662,473.5461488291747,496.9866331098841,320.0,349.70762642286275,416.4817281693956,475.7568317739196,511.5301156664191,504.3437711360357,551.1365108731292,487.1179594726663,440.62435684412884,512.3473994723283,553.2690349058412,475.10225287370884,429.49854301600703,509.1255720094341,553.719937000424,484.21702224045544,436.0838255505203,499.0358403806585,569.2486249862063,603.2291559419023,640.0,320.0,216.27054720694986,118.46521757525329,55.45927628702725,0.0,183.87136677834704,220.93090255602317,250.0995855805398,253.95414993643686,266.6957049059447,300.5392489679807,313.6461861120121,304.4028390855775,339.8116275180968,375.7215068992681,374.55589424547253,354.549890502199,404.6369044860856,439.084046361792,477.40299824521463,500.279677731955,320.0,349.68525529503904,416.3108608448887,473.912143041347,509.53199142985125,507.5948442905752,550.0919704611246,485.1561106390684,436.92673008492284,514.0443431554291,552.4803358797244,475.3208275889739,427.82909009610404,509.2625021149537,551.414668447847,482.841019622811,434.5636200511073,497.83710118440047,569.0783605855512,603.3856046946297,640.0
320.0,215.9937627437928,118.50330848046369,55.154382839846335,0.0,184.49103944354636,212.55529278133582,241.51687911216587,243.48656422721592,265.53329515455283,293.12600472393666,307.7760977003492,297.16624292553115,337.4118436376462,370.267845559417,370.6190036838107,350.08737208087933,401.74297215057106,435.24409714141586,474.13401951817247,496.8273133428839,320.0,348.7425754885325,415.3312540698047,472.8185707436395,509.3020683863874,504.39213655673586,552.5926906937807,487.65975098999013,441.418048348915,511.37124302368954,554.2936968802155,475.97038144263274,431.5518132999526,507.52012459126126,552.1900834178092,483.06588349480296,437.78299001775684,497.15964356771474,567.6762591197796,601.5221079554722,640.0,320.0,216.11635868289875,118.43422127194432,54.65101474805914,0.0,184.4382409776069,213.5150945204284,242.34220416794835,244.48599353154862,266.2437332003995,294.41312221872056,309.00603710393057,298.2880561018312,338.4705852467094,371.23500438767144,371.47661933246525,350.87649050670876,402.72535138470084,435.8306230543777,475.9449816935129,499.77528180319837,320.0,348.423148980113,415.2056145198185,472.7442065002799,508.9321173840153,504.69165698552035,553.6082659242394,488.9775951753394,442.2339233481864,511.6512665651293,554.8277566873026,476.52089711822885,431.53880175524864,507.6422656580993,553.0637129100429,483.80244851577686,437.4974904793753,497.29537552943873,568.2302439143709,602.1088773685574,640.0,320.0,215.4345439936337,118.02808945566696,55.3536016100885,0.0,183.5684871154845,214.47764815195907,244.15097466544205,248.0253795978312,264.42216449708,293.2625767637529,308.1738917515063,299.3981129535435,336.32440258085967,367.7305251674625,368.5543617637815,350.6869974849832,401.04677652581296,435.0832677849662,473.5461488291747,496.9866331098841,320.0,349.70762642286275,416.4817281693956,475.7568317739196,511.5301156664191,504.3437711360357,551.1365108731292,487.1179594726663,440.62435684412884,512.3473994723283,553.2690349058412,475.10225287370884,429.49854301600703,509.1255720094341,553.719937000424,484.21702224045544,436.0838255505203,499.0358403806585,569.2486249862063,603.2291559419023,640.0,320.0,216.27054720694986,118.46521757525329,55.45927628702725,0.0,183.87136677834704,220.93090255602317,250.0995855805398,253.95414993643686,266.6957049059447,300.5392489679807,313.6461861120121,304.4028390855775,339.8116275180968,375.7215068992681,374.55589424547253,354.549890502199,404.6369044860856,439.084046361792,477.40299824521463,500.279677731955,320.0,349.68525529503904,416.3108608448887,473.912143041347,509.53199142985125,507.5948442905752,550.0919704611246,485.1561106390684,436.92673008492284,514.0443431554291,552.4803358797244,475.3208275889739,427.82909009610404,509.2625021149537,551.414668447847,482.841019622811,434.5636200511073,497.83710118440047,569.0783605855512,603.3856046946297,640.0,320.0,216.32495364204206,119.19411147164541,56.028659994299005,0.0,184.130888851147,217.49225049883844,246.73537675834964,250.76398510586102,266.1245343098549,296.73018228336406,310.54236079452625,301.4467258419668,338.53690609918766,372.03572765854324,371.418190991807,351.6428743821008,402.6292982294091,436.4241750667187,474.6950008889207,497.6858464958151,320.0,349.6056916287073,416.5689259663109,474.6451986136861,510.3286308510897,506.04269144574096,550.9003742878325,485.93242512921336,437.9746787248197,512.9748532303081,553.4374514160857,474.9908675461038,427.3236251875934,508.86684596664935,552.4267156269136,483.04240271847823,434.7201619410933,497.9650121783679,568.825493453929,603.193810025922,640.0
320.0,216.11635868289875,118.43422127194432,54.65101474805914,0.0,184.4382409776069,213.5150945204284,242.34220416794835,244.48599353154862,266.2437332003995,294.41312221872056,309.00603710393057,298.2880561018312,338.4705852467094,371.23500438767144,371.47661933246525,350.87649050670876,402.72535138470084,435.8306230543777,475.9449816935129,499.77528180319837,320.0,348.423148980113,415.2056145198185,472.7442065002799,508.9321173840153,504.69165698552035,553.6082659242394,488.9775951753394,442.2339233481864,511.6512665651293,554.8277566873026,476.52089711822885,431.53880175524864,507.6422656580993,553.0637129100429,483.80244851577686,437.4974904793753,497.29537552943873,568.2302439143709,602.1088773685574,640.0,320.0,215.4345439936337,118.02808945566696,55.3536016100885,0.0,183.5684871154845,214.47764815195907,244.15097466544205,248.0253795978312,264.42216449708,293.2625767637529,308.1738917515063,299.3981129535435,336.32440258085967,367.7305251674625,368.5543617637815,350.6869974849832,401.04677652581296,435.0832677849662,473.5461488291747,496.9866331098841,320.0,349.70762642286275,416.4817281693956,475.7568317739196,511.5301156664191,504.3437711360357,551.1365108731292,487.1179594726663,440.62435684412884,512.3473994723283,553.2690349058412,475.10225287370884,429.49854301600703,509.1255720094341,553.719937000424,484.21702224045544,436.0838255505203,499.0358403806585,569.2486249862063,603.2291559419023,640.0,320.0,216.27054720694986,118.46521757525329,55.45927628702725,0.0,183.87136677834704,220.93090255602317,250.0995855805398,253.95414993643686,266.6957049059447,300.5392489679807,313.6461861120121,304.4028390855775,339.8116275180968,375.7215068992681,374.55589424547253,354.549890502199,404.6369044860856,439.084046361792,477.40299824521463,500.279677731955,320.0,349.68525529503904,416.3108608448887,473.912143041347,509.53199142985125,507.5948442905752,550.0919704611246,485.1561106390684,436.92673008492284,514.0443431554291,552.4803358797244,475.3208275889739,427.82909009610404,509.2625021149537,551.414668447847,482.841019622811,434.5636200511073,497.83710118440047,569.0783605855512,603.3856046946297,640.0,320.0,216.32495364204206,119.19411147164541,56.028659994299005,0.0,184.130888851147,217.49225049883844,246.73537675834964,250.76398510586102,266.1245343098549,296.73018228336406,310.54236079452625,301.4467258419668,338.53690609918766,372.03572765854324,371.418190991807,351.6428743821008,402.6292982294091,436.4241750667187,474.6950008889207,497.6858464958151,320.0,349.6056916287073,416.5689259663109,474.6451986136861,510.3286308510897,506.04269144574096,550.9003742878325,485.93242512921336,437.9746787248197,512.9748532303081,553.4374514160857,474.9908675461038,427.3236251875934,508.86684596664935,552.4267156269136,483.04240271847823,434.7201619410933,497.9650121783679,568.825493453929,603.193810025922,640.0,320.0,217.26089743998267,117.71141460554574,53.71329080445855,0.0,180.8732431347307,209.75863057872834,241.47185765360422,247.7275942719851,262.74322204023883,292.34458330412394,309.2014147967345,302.71343738249857,335.9166111157138,368.12890710138737,369.3615697870795,352.59504056387937,402.06485887083926,435.1893953974495,471.57411304353366,493.1978765303066,320.0,347.9773939052155,411.1064211660944,467.66579722478934,504.264162473223,500.84983864012315,545.8620362340021,481.3648112239419,435.40368017125843,509.83127754716884,548.9346742138048,472.7182435672577,427.1738421050786,507.03163920936584,550.2752811315877,483.4135966651037,436.2676804081075,497.5246863795851,567.5163096639717,602.5075505359033,640.0
320.0,215.4345439936337,118.02808945566696,55.3536016100885,0.0,183.5684871154845,214.47764815195907,244.15097466544205,248.0253795978312,264.42216449708,293.2625767637529,308.1738917515063,299.3981129535435,336.32440258085967,367.7305251674625,368.5543617637815,350.6869974849832,401.04677652581296,435.0832677849662,473.5461488291747,496.9866331098841,320.0,349.70762642286275,416.4817281693956,475.7568317739196,511.5301156664191,504.3437711360357,551.1365108731292,487.1179594726663,440.62435684412884,512.3473994723283,553.2690349058412,475.10225287370884,429.49854301600703,509.1255720094341,553.719937000424,484.21702224045544,436.0838255505203,499.0358403806585,569.2486249862063,603.2291559419023,640.0,320.0,216.27054720694986,118.46521757525329,55.45927628702725,0.0,183.87136677834704,220.93090255602317,250.0995855805398,253.95414993643686,266.6957049059447,300.5392489679807,313.6461861120121,304.4028390855775,339.8116275180968,375.7215068992681,374.55589424547253,354.549890502199,404.6369044860856,439.084046361792,477.40299824521463,500.279677731955,320.0,349.68525529503904,416.3108608448887,473.912143041347,509.53199142985125,507.5948442905752,550.0919704611246,485.1561106390684,436.92673008492284,514.0443431554291,552.4803358797244,475.3208275889739,427.82909009610404,509.2625021149537,551.414668447847,482.841019622811,434.5636200511073,497.83710118440047,569.0783605855512,603.3856046946297,640.0,320.0,216.32495364204206,119.19411147164541,56.028659994299005,0.0,184.130888851147,217.49225049883844,246.73537675834964,250.76398510586102,266.1245343098549,296.73018228336406,310.54236079452625,301.4467258419668,338.53690609918766,372.03572765854324,371.418190991807,351.6428743821008,402.6292982294091,436.4241750667187,474.6950008889207,497.6858464958151,320.0,349.6056916287073,416.5689259663109,474.6451986136861,510.3286308510897,506.04269144574096,550.9003742878325,485.93242512921336,437.9746787248197,512.9748532303081,553.4374514160857,474.9908675461038,427.3236251875934,508.86684596664935,552.4267156269136,483.04240271847823,434.7201619410933,497.9650121783679,568.825493453929,603.193810025922,640.0,320.0,217.26089743998267,117.71141460554574,53.71329080445855,0.0,180.8732431347307,209.75863057872834,241.47185765360422,247.7275942719851,262.74322204023883,292.34458330412394,309.2014147967345,302.71343738249857,335.9166111157138,368.12890710138737,369.3615697870795,352.59504056387937,402.06485887083926,435.1893953974495,471.57411304353366,493.1978765303066,320.0,347.9773939052155,411.1064211660944,467.66579722478934,504.264162473223,500.84983864012315,545.8620362340021,481.3648112239419,435.40368017125843,509.83127754716884,548.9346742138048,472.7182435672577,427.1738421050786,507.03163920936584,550.2752811315877,483.4135966651037,436.2676804081075,497.5246863795851,567.5163096639717,602.5075505359033,640.0,320.0,216.26560855450086,118.35887198391089,56.27138007540532,0.0,178.913194942013,211.32969319029712,243.51738621258764,250.101031264052,258.32363012852505,289.3385184782555,305.97204172493366,300.4769213284381,330.1199270653694,363.42682077154564,365.5598325863628,349.64229417955954,395.8974764420155,428.7480246870877,465.84522638889575,488.79595598227036,320.0,347.2931622894838,411.25016081965776,468.86515672105395,505.05146491610856,503.300108648448,545.8029193822215,482.115877324402,435.2602810366186,511.736353434609,549.2956755397108,474.0800721732368,427.2603104436417,508.6289133002189,548.9955558636291,481.4881214005935,433.5852569990028,498.93257757283885,569.6485703198066,604.0302115152651,640.0
320.0,216.27054720694986,118.46521757525329,55.45927628702725,0.0,183.87136677834704,220.93090255602317,250.0995855805398,253.95414993643686,266.6957049059447,300.5392489679807,313.6461861120121,304.4028390855775,339.8116275180968,375.7215068992681,374.55589424547253,354.549890502199,404.6369044860856,439.084046361792,477.40299824521463,500.279677731955,320.0,349.68525529503904,416.3108608448887,473.912143041347,509.53199142985125,507.5948442905752,550.0919704611246,485.1561106390684,436.92673008492284,514.0443431554291,552.4803358797244,475.3208275889739,427.82909009610404,509.2625021149537,551.414668447847,482.841019622811,434.5636200511073,497.83710118440047,569.0783605855512,603.3856046946297,640.0,320.0,216.32495364204206,119.19411147164541,56.028659994299005,0.0,184.130888851147,217.49225049883844,246.73537675834964,250.76398510586102,266.1245343098549,296.73018228336406,310.54236079452625,301.4467258419668,338.53690609918766,372.03572765854324,371.418190991807,351.6428743821008,402.6292982294091,436.4241750667187,474.6950008889207,497.6858464958151,320.0,349.6056916287073,416.5689259663109,474.6451986136861,510.3286308510897,506.04269144574096,550.9003742878325,485.93242512921336,437.9746787248197,512.9748532303081,553.4374514160857,474.9908675461038,427.3236251875934,508.86684596664935,552.4267156269136,483.04240271847823,434.7201619410933,497.9650121783679,568.825493453929,603.193810025922,640.0,320.0,217.26089743998267,117.71141460554574,53.71329080445855,0.0,180.8732431347307,209.75863057872834,241.47185765360422,247.7275942719851,262.74322204023883,292.34458330412394,309.2014147967345,302.71343738249857,335.9166111157138,368.12890710138737,369.3615697870795,352.59504056387937,402.06485887083926,435.1893953974495,471.57411304353366,493.1978765303066,320.0,347.9773939052155,411.1064211660944,467.66579722478934,504.264162473223,500.84983864012315,545.8620362340021,481.3648112239419,435.40368017125843,509.83127754716884,548.9346742138048,472.7182435672577,427.1738421050786,507.03163920936584,550.2752811315877,483.4135966651037,436.2676804081075,497.5246863795851,567.5163096639717,602.5075505359033,640.0,320.0,216.26560855450086,118.35887198391089,56.27138007540532,0.0,178.913194942013,211.32969319029712,243.51738621258764,250.101031264052,258.32363012852505,289.3385184782555,305.97204172493366,300.4769213284381,330.1199270653694,363.42682077154564,365.5598325863628,349.64229417955954,395.8974764420155,428.7480246870877,465.84522638889575,488.79595598227036,320.0,347.2931622894838,411.25016081965776,468.86515672105395,505.05146491610856,503.300108648448,545.8029193822215,482.115877324402,435.2602810366186,511.736353434609,549.2956755397108,474.0800721732368,427.2603104436417,508.6289133002189,548.9955558636291,481.4881214005935,433.5852569990028,498.93257757283885,569.6485703198066,604.0302115152651,640.0,320.0,216.55376723333504,118.62150689333401,56.64694569382539,0.0,179.2504229024473,211.5239831282912,243.50225950046848,249.61143153805256,258.2798847041999,288.3698883807734,304.15811774877903,297.69622625305055,329.3507325645017,362.2116181651679,364.5346722107979,347.8656863757381,393.5759357168981,424.43599336479815,460.9059810420046,482.71244274050434,320.0,346.9393785228219,412.22017637699787,469.8245145931862,506.103195149007,504.06447797078613,545.0849796929265,481.5215153308231,434.2497932680791,512.0516590771676,548.700103658987,472.33072576962945,424.1434015609034,508.7442222724721,547.281438693499,478.06716749414306,429.69748986160846,499.1617963887795,569.4548480232293,603.6673762081092,640.0
320.0,216.32495364204206,119.19411147164541,56.028659994299005,0.0,184.130888851147,217.49225049883844,246.73537675834964,250.76398510586102,266.1245343098549,296.73018228336406,310.54236079452625,301.4467258419668,338.53690609918766,372.03572765854324,371.418190991807,351.6428743821008,402.6292982294091,436.4241750667187,474.6950008889207,497.6858464958151,320.0,349.6056916287073,416.5689259663109,474.6451986136861,510.3286308510897,506.04269144574096,550.9003742878325,485.93242512921336,437.9746787248197,512.9748532303081,553.4374514160857,474.9908675461038,427.3236251875934,508.86684596664935,552.4267156269136,483.04240271847823,434.7201619410933,497.9650121783679,568.825493453929,603.193810025922,640.0,320.0,217.26089743998267,117.71141460554574,53.71329080445855,0.0,180.8732431347307,209.75863057872834,241.47185765360422,247.7275942719851,262.74322204023883,292.34458330412394,309.2014147967345,302.71343738249857,335.9166111157138,368.12890710138737,369.3615697870795,352.59504056387937,402.06485887083926,435.1893953974495,471.57411304353366,493.1978765303066,320.0,347.9773939052155,411.1064211660944,467.66579722478934,504.264162473223,500.84983864012315,545.8620362340021,481.3648112239419,435.40368017125843,509.83127754716884,548.9346742138048,472.7182435672577,427.1738421050786,507.03163920936584,550.2752811315877,483.4135966651037,436.2676804081075,497.5246863795851,567.5163096639717,602.5075505359033,640.0,320.0,216.26560855450086,118.35887198391089,56.27138007540532,0.0,178.913194942013,211.32969319029712,243.51738621258764,250.101031264052,258.32363012852505,289.3385184782555,305.97204172493366,300.4769213284381,330.1199270653694,363.42682077154564,365.5598325863628,349.64229417955954,395.8974764420155,428.7480246870877,465.84522638889575,488.79595598227036,320.0,347.2931622894838,411.25016081965776,468.86515672105395,505.05146491610856,503.300108648448,545.8029193822215,482.115877324402,435.2602810366186,511.736353434609,549.2956755397108,474.0800721732368,427.2603104436417,508.6289133002189,548.9955558636291,481.4881214005935,433.5852569990028,498.93257757283885,569.6485703198066,604.0302115152651,640.0,320.0,216.55376723333504,118.62150689333401,56.64694569382539,0.0,179.2504229024473,211.5239831282912,243.50225950046848,249.61143153805256,258.2798847041999,288.3698883807734,304.15811774877903,297.69622625305055,329.3507325645017,362.2116181651679,364.5346722107979,347.8656863757381,393.5759357168981,424.43599336479815,460.9059810420046,482.71244274050434,320.0,346.9393785228219,412.22017637699787,469.8245145931862,506.103195149007,504.06447797078613,545.0849796929265,481.5215153308231,434.2497932680791,512.0516590771676,548.700103658987,472.33072576962945,424.1434015609034,508.7442222724721,547.281438693499,478.06716749414306,429.69748986160846,499.1617963887795,569.4548480232293,603.6673762081092,640.0,320.0,216.81170978840913,117.90112673189896,55.45076765809915,0.0,186.93561258976845,214.4217344119408,244.19708536312606,244.66684883362353,268.7698306725422,299.52636246851034,312.9408203608249,300.19935401324307,341.65862497694934,375.4768839946011,375.6418466770629,355.56978914260833,408.1489994850082,442.0022180290534,481.316147654411,503.81190039220996,320.0,346.9124044685679,412.6170817412505,469.60808267129744,505.76963063333665,504.92720146863667,548.3339959292999,483.8337992184297,439.67572949748,512.4571591641675,547.9460955347924,471.4518813158794,430.45868011917423,508.2649894458543,545.5763008120205,477.459684611213,433.27878505576405,498.5602418638988,566.9563167453424,601.7288429833673,640.0
320.0,217.26089743998267,117.71141460554574,53.71329080445855,0.0,180.8732431347307,209.75863057872834,241.47185765360422,247.7275942719851,262.74322204023883,292.34458330412394,309.2014147967345,302.71343738249857,335.9166111157138,368.12890710138737,369.3615697870795,352.59504056387937,402.06485887083926,435.1893953974495,471.57411304353366,493.1978765303066,320.0,347.9773939052155,411.1064211660944,467.66579722478934,504.264162473223,500.84983864012315,545.8620362340021,481.3648112239419,435.40368017125843,509.83127754716884,548.9346742138048,472.7182435672577,427.1738421050786,507.03163920936584,550.2752811315877,483.4135966651037,436.2676804081075,497.5246863795851,567.5163096639717,602.5075505359033,640.0,320.0,216.26560855450086,118.35887198391089,56.27138007540532,0.0,178.913194942013,211.32969319029712,243.51738621258764,250.101031264052,258.32363012852505,289.3385184782555,305.97204172493366,300.4769213284381,330.1199270653694,363.42682077154564,365.5598325863628,349.64229417955954,395.8974764420155,428.7480246870877,465.84522638889575,488.79595598227036,320.0,347.2931622894838,411.25016081965776,468.86515672105395,505.05146491610856,503.300108648448,545.8029193822215,482.115877324402,435.2602810366186,511.736353434609,549.2956755397108,474.0800721732368,427.2603104436417,508.6289133002189,548.9955558636291,481.4881214005935,433.5852569990028,498.93257757283885,569.6485703198066,604.0302115152651,640.0,320.0,216.55376723333504,118.62150689333401,56.64694569382539,0.0,179.2504229024473,211.5239831282912,243.50225950046848,249.61143153805256,258.2798847041999,288.3698883807734,304.15811774877903,297.69622625305055,329.3507325645017,362.2116181651679,364.5346722107979,347.8656863757381,393.5759357168981,424.43599336479815,460.9059810420046,482.71244274050434,320.0,346.9393785228219,412.22017637699787,469.8245145931862,506.103195149007,504.06447797078613,545.0849796929265,481.5215153308231,434.2497932680791,512.0516590771676,548.700103658987,472.33072576962945,424.1434015609034,508.7442222724721,547.281438693499,478.06716749414306,429.69748986160846,499.1617963887795,569.4548480232293,603.6673762081092,640.0,320.0,216.81170978840913,117.90112673189896,55.45076765809915,0.0,186.93561258976845,214.4217344119408,244.19708536312606,244.66684883362353,268.7698306725422,299.52636246851034,312.9408203608249,300.19935401324307,341.65862497694934,375.4768839946011,375.6418466770629,355.56978914260833,408.1489994850082,442.0022180290534,481.316147654411,503.81190039220996,320.0,346.9124044685679,412.6170817412505,469.60808267129744,505.76963063333665,504.92720146863667,548.3339959292999,483.8337992184297,439.67572949748,512.4571591641675,547.9460955347924,471.4518813158794,430.45868011917423,508.2649894458543,545.5763008120205,477.459684611213,433.27878505576405,498.5602418638988,566.9563167453424,601.7288429833673,640.0,320.0,213.0406235822163,113.7957711217567,52.244368757062375,0.0,177.10383216142387,206.27930044583746,241.11226770857144,251.80652464361265,259.44117501409346,289.25731269999034,307.0471133111473,302.7784383333192,332.75976548138493,364.88567442609616,366.16861390214586,350.963580185468,398.5665572373183,430.62555804715885,465.4083442087398,486.9919000939895,320.0,346.49992780288875,410.36980106800246,468.53164974646074,505.2378656732207,499.97868319161165,545.5344478027755,486.49142887735167,438.19582893737436,508.4373327787497,549.1623719466477,475.6859021563128,425.257200600124,505.78776829077134,547.4186868773965,482.0242577146024,431.40686045006214,496.8072198140789,566.5856737766451,603.771124089718,640.0
320.0,216.26560855450086,118.35887198391089,56.27138007540532,0.0,178.913194942013,211.32969319029712,243.51738621258764,250.101031264052,258.32363012852505,289.3385184782555,305.97204172493366,300.4769213284381,330.1199270653694,363.42682077154564,365.5598325863628,349.64229417955954,395.8974764420155,428.7480246870877,465.84522638889575,488.79595598227036,320.0,347.2931622894838,411.25016081965776,468.86515672105395,505.05146491610856,503.300108648448,545.8029193822215,482.115877324402,435.2602810366186,511.736353434609,549.2956755397108,474.0800721732368,427.2603104436417,508.6289133002189,548.9955558636291,481.4881214005935,433.5852569990028,498.93257757283885,569.6485703198066,604.0302115152651,640.0,320.0,216.55376723333504,118.62150689333401,56.64694569382539,0.0,179.2504229024473,211.5239831282912,243.50225950046848,249.61143153805256,258.2798847041999,288.3698883807734,304.15811774877903,297.69622625305055,329.3507325645017,362.2116181651679,364.5346722107979,347.8656863757381,393.5759357168981,424.43599336479815,460.9059810420046,482.71244274050434,320.0,346.9393785228219,412.22017637699787,469.8245145931862,506.103195149007,504.06447797078613,545.0849796929265,481.5215153308231,434.2497932680791,512.0516590771676,548.700103658987,472.33072576962945,424.1434015609034,508.7442222724721,547.281438693499,478.06716749414306,429.69748986160846,499.1617963887795,569.4548480232293,603.6673762081092,640.0,320.0,216.81170978840913,117.90112673189896,55.45076765809915,0.0,186.93561258976845,214.4217344119408,244.19708536312606,244.66684883362353,268.7698306725422,299.52636246851034,312.9408203608249,300.19935401324307,341.65862497694934,375.4768839946011,375.6418466770629,355.56978914260833,408.1489994850082,442.0022180290534,481.316147654411,503.81190039220996,320.0,346.9124044685679,412.6170817412505,469.60808267129744,505.76963063333665,504.92720146863667,548.3339959292999,483.8337992184297,439.67572949748,512.4571591641675,547.9460955347924,471.4518813158794,430.45868011917423,508.2649894458543,545.5763008120205,477.459684611213,433.27878505576405,498.5602418638988,566.9563167453424,601.7288429833673,640.0,320.0,213.0406235822163,113.7957711217567,52.244368757062375,0.0,177.10383216142387,206.27930044583746,241.11226770857144,251.80652464361265,259.44117501409346,289.25731269999034,307.0471133111473,302.7784383333192,332.75976548138493,364.88567442609616,366.16861390214586,350.963580185468,398.5665572373183,430.62555804715885,465.4083442087398,486.9919000939895,320.0,346.49992780288875,410.36980106800246,468.53164974646074,505.2378656732207,499.97868319161165,545.5344478027755,486.49142887735167,438.19582893737436,508.4373327787497,549.1623719466477,475.6859021563128,425.257200600124,505.78776829077134,547.4186868773965,482.0242577146024,431.40686045006214,496.8072198140789,566.5856737766451,603.771124089718,640.0,320.0,214.43856951421873,114.91622410192403,53.53187645547291,0.0,179.611989757344,209.82394162490556,242.91833758703663,251.87053612552393,262.06667161600916,292.1396578646997,309.2249602790436,304.7146559217931,334.9628389627138,368.0517525762445,369.6453680237548,353.5077173740047,399.6342121395784,430.6595379581877,467.2768593492045,489.63085767718746,320.0,347.619368797539,413.0234041737696,470.017978278412,505.98684130986,501.0327490714395,545.4834700932663,483.7470549604383,435.4388112162438,508.691325898676,549.2318832638923,474.72989752458477,424.16130392293803,505.3086828473745,546.5695855066626,480.25447919970554,430.5834567426775,495.73116081440133,566.1683527251279,602.9821048090673,640.0
320.0,216.55376723333504,118.62150689333401,56.64694569382539,0.0,179.2504229024473,211.5239831282912,243.50225950046848,249.61143153805256,258.2798847041999,288.3698883807734,304.15811774877903,297.69622625305055,329.3507325645017,362.2116181651679,364.5346722107979,347.8656863757381,393.5759357168981,424.43599336479815,460.9059810420046,482.71244274050434,320.0,346.9393785228219,412.22017637699787,469.8245145931862,506.103195149007,504.06447797078613,545.0849796929265,481.5215153308231,434.2497932680791,512.0516590771676,548.700103658987,472.33072576962945,424.1434015609034,508.7442222724721,547.281438693499,478.06716749414306,429.69748986160846,499.1617963887795,569.4548480232293,603.6673762081092,640.0,320.0,216.81170978840913,117.90112673189896,55.45076765809915,0.0,186.93561258976845,214.4217344119408,244.19708536312606,244.66684883362353,268.7698306725422,299.52636246851034,312.9408203608249,300.19935401324307,341.65862497694934,375.4768839946011,375.6418466770629,355.56978914260833,408.1489994850082,442.0022180290534,481.316147654411,503.81190039220996,320.0,346.9124044685679,412.6170817412505,469.60808267129744,505.76963063333665,504.92720146863667,548.3339959292999,483.8337992184297,439.67572949748,512.4571591641675,547.9460955347924,471.4518813158794,430.45868011917423,508.2649894458543,545.5763008120205,477.459684611213,433.27878505576405,498.5602418638988,566.9563167453424,601.7288429833673,640.0,320.0,213.0406235822163,113.7957711217567,52.244368757062375,0.0,177.10383216142387,206.27930044583746,241.11226770857144,251.80652464361265,259.44117501409346,289.25731269999034,307.0471133111473,302.7784383333192,332.75976548138493,364.88567442609616,366.16861390214586,350.963580185468,398.5665572373183,430.62555804715885,465.4083442087398,486.9919000939895,320.0,346.49992780288875,410.36980106800246,468.53164974646074,505.2378656732207,499.97868319161165,545.5344478027755,486.49142887735167,438.19582893737436,508.4373327787497,549.1623719466477,475.6859021563128,425.257200600124,505.78776829077134,547.4186868773965,482.0242577146024,431.40686045006214,496.8072198140789,566.5856737766451,603.771124089718,640.0,320.0,214.43856951421873,114.91622410192403,53.53187645547291,0.0,179.611989757344,209.82394162490556,242.91833758703663,251.87053612552393,262.06667161600916,292.1396578646997,309.2249602790436,304.7146559217931,334.9628389627138,368.0517525762445,369.6453680237548,353.5077173740047,399.6342121395784,430.6595379581877,467.2768593492045,489.63085767718746,320.0,347.619368797539,413.0234041737696,470.017978278412,505.98684130986,501.0327490714395,545.4834700932663,483.7470549604383,435.4388112162438,508.691325898676,549.2318832638923,474.72989752458477,424.16130392293803,505.3086828473745,546.5695855066626,480.25447919970554,430.5834567426775,495.73116081440133,566.1683527251279,602.9821048090673,640.0,320.0,208.14568003015273,98.62466605129077,31.038701190015104,0.0,118.60869673563514,160.99927629304213,209.0170356672277,218.6595950355987,197.75619693551118,247.8059011709101,278.7785653989162,270.4332377735576,273.8394990328077,316.8896175566947,330.02897942782505,317.5964207135938,345.7446134709173,377.5134591842774,407.36773139154207,419.79406020369703,320.0,347.6701625731378,416.8620959305644,480.9790361944506,525.8064782527379,508.6732937145656,554.0142158653107,492.0278989009365,444.4720824986031,522.9003167447481,555.6178184485119,481.6593809536654,440.94685675868504,525.3599649314206,559.3409991093512,495.4639037930493,454.2383085879029,521.153944441767,580.5433661106258,607.9981468572189,640.0
320.0,216.81170978840913,117.90112673189896,55.45076765809915,0.0,186.93561258976845,214.4217344119408,244.19708536312606,244.66684883362353,268.7698306725422,299.52636246851034,312.9408203608249,300.19935401324307,341.65862497694934,375.4768839946011,375.6418466770629,355.56978914260833,408.1489994850082,442.0022180290534,481.316147654411,503.81190039220996,320.0,346.9124044685679,412.6170817412505,469.60808267129744,505.76963063333665,504.92720146863667,548.3339959292999,483.8337992184297,439.67572949748,512.4571591641675,547.9460955347924,471.4518813158794,430.45868011917423,508.2649894458543,545.5763008120205,477.459684611213,433.27878505576405,498.5602418638988,566.9563167453424,601.7288429833673,640.0,320.0,213.0406235822163,113.7957711217567,52.244368757062375,0.0,177.10383216142387,206.27930044583746,241.11226770857144,251.80652464361265,259.44117501409346,289.25731269999034,307.0471133111473,302.7784383333192,332.75976548138493,364.88567442609616,366.16861390214586,350.963580185468,398.5665572373183,430.62555804715885,465.4083442087398,486.9919000939895,320.0,346.49992780288875,410.36980106800246,468.53164974646074,505.2378656732207,499.97868319161165,545.5344478027755,486.49142887735167,438.19582893737436,508.4373327787497,549.1623719466477,475.6859021563128,425.257200600124,505.78776829077134,547.4186868773965,482.0242577146024,431.40686045006214,496.8072198140789,566.5856737766451,603.771124089718,640.0,320.0,214.43856951421873,114.91622410192403,53.53187645547291,0.0,179.611989757344,209.82394162490556,242.91833758703663,251.87053612552393,262.06667161600916,292.1396578646997,309.2249602790436,304.7146559217931,334.9628389627138,368.0517525762445,369.6453680237548,353.5077173740047,399.6342121395784,430.6595379581877,467.2768593492045,489.63085767718746,320.0,347.619368797539,413.0234041737696,470.017978278412,505.98684130986,501.0327490714395,545.4834700932663,483.7470549604383,435.4388112162438,508.691325898676,549.2318832638923,474.72989752458477,424.16130392293803,505.3086828473745,546.5695855066626,480.25447919970554,430.5834567426775,495.73116081440133,566.1683527251279,602.9821048090673,640.0,320.0,208.14568003015273,98.62466605129077,31.038701190015104,0.0,118.60869673563514,160.99927629304213,209.0170356672277,218.6595950355987,197.75619693551118,247.8059011709101,278.7785653989162,270.4332377735576,273.8394990328077,316.8896175566947,330.02897942782505,317.5964207135938,345.7446134709173,377.5134591842774,407.36773139154207,419.79406020369703,320.0,347.6701625731378,416.8620959305644,480.9790361944506,525.8064782527379,508.6732937145656,554.0142158653107,492.0278989009365,444.4720824986031,522.9003167447481,555.6178184485119,481.6593809536654,440.94685675868504,525.3599649314206,559.3409991093512,495.4639037930493,454.2383085879029,521.153944441767,580.5433661106258,607.9981468572189,640.0,320.0,175.51776822590887,43.42367762024372,11.275635936602157,28.593198001942653,0.0,20.501223817073594,99.25229398924415,149.0922013424128,128.30348619472093,188.0835475226124,246.83405096226073,279.5978057231623,252.55043106511803,309.07845111072606,338.26684833076365,357.0291509557108,364.71441558495854,404.8453215068953,416.6885075470655,425.5463324740987,320.0,326.14409607542285,405.67040602897544,486.4631040845512,556.00114862899,596.3640471544422,640.0,553.7152328864231,499.13426354590865,622.3064128942133,635.7967609041568,542.7764637200985,488.4348944389109,617.6619183051846,612.7239205778021,522.5426400081125,472.2978019676432,594.6667753378363,590.3601217243461,523.8594313149243,483.53668552301
320.0,213.0406235822163,113.7957711217567,52.244368757062375,0.0,177.10383216142387,206.27930044583746,241.11226770857144,251.80652464361265,259.44117501409346,289.25731269999034,307.0471133111473,302.7784383333192,332.75976548138493,364.88567442609616,366.16861390214586,350.963580185468,398.5665572373183,430.62555804715885,465.4083442087398,486.9919000939895,320.0,346.49992780288875,410.36980106800246,468.53164974646074,505.2378656732207,499.97868319161165,545.5344478027755,486.49142887735167,438.19582893737436,508.4373327787497,549.1623719466477,475.6859021563128,425.257200600124,505.78776829077134,547.4186868773965,482.0242577146024,431.40686045006214,496.8072198140789,566.5856737766451,603.771124089718,640.0,320.0,214.43856951421873,114.91622410192403,53.53187645547291,0.0,179.611989757344,209.82394162490556,242.91833758703663,251.87053612552393,262.06667161600916,292.1396578646997,309.2249602790436,304.7146559217931,334.9628389627138,368.0517525762445,369.6453680237548,353.5077173740047,399.6342121395784,430.6595379581877,467.2768593492045,489.63085767718746,320.0,347.619368797539,413.0234041737696,470.017978278412,505.98684130986,501.0327490714395,545.4834700932663,483.7470549604383,435.4388112162438,508.691325898676,549.2318832638923,474.72989752458477,424.16130392293803,505.3086828473745,546.5695855066626,480.25447919970554,430.5834567426775,495.73116081440133,566.1683527251279,602.9821048090673,640.0,320.0,208.14568003015273,98.62466605129077,31.038701190015104,0.0,118.60869673563514,160.99927629304213,209.0170356672277,218.6595950355987,197.75619693551118,247.8059011709101,278.7785653989162,270.4332377735576,273.8394990328077,316.8896175566947,330.02897942782505,317.5964207135938,345.7446134709173,377.5134591842774,407.36773139154207,419.79406020369703,320.0,347.6701625731378,416.8620959305644,480.9790361944506,525.8064782527379,508.6732937145656,554.0142158653107,492.0278989009365,444.4720824986031,522.9003167447481,555.6178184485119,481.6593809536654,440.94685675868504,525.3599649314206,559.3409991093512,495.4639037930493,454.2383085879029,521.153944441767,580.5433661106258,607.9981468572189,640.0,320.0,175.51776822590887,43.42367762024372,11.275635936602157,28.593198001942653,0.0,20.501223817073594,99.25229398924415,149.0922013424128,128.30348619472093,188.0835475226124,246.83405096226073,279.5978057231623,252.55043106511803,309.07845111072606,338.26684833076365,357.0291509557108,364.71441558495854,404.8453215068953,416.6885075470655,425.5463324740987,320.0,326.14409607542285,405.67040602897544,486.4631040845512,556.00114862899,596.3640471544422,640.0,553.7152328864231,499.13426354590865,622.3064128942133,635.7967609041568,542.7764637200985,488.4348944389109,617.6619183051846,612.7239205778021,522.5426400081125,472.2978019676432,594.6667753378363,590.3601217243461,523.8594313149243,483.53668552301,320.0,212.77197639812098,112.34560783134407,48.77699542687668,0.0,99.95814710731804,38.21330872211797,51.88232244148787,76.19366814264825,165.3054037518277,120.0146837700787,140.848713614634,166.47280495266142,238.4096730372383,208.538073066274,224.68424709383717,243.90223263820477,316.31594993415115,304.53442286354255,307.3659846732965,314.90564433337136,320.0,324.91185686363826,352.5818596724594,395.25172422324454,441.66940029485346,529.6529723294732,613.8230675528764,550.1149288116649,493.1540150861348,563.2251670375377,637.5035546868746,563.4547626982729,510.80796540929475,579.5148161677491,639.6872748758952,573.7125193379331,527.8054956841663,582.0981166344792,640.0,593.2132477394812,551.5176511851624
320.0,214.43856951421873,114.91622410192403,53.53187645547291,0.0,179.611989757344,209.82394162490556,242.91833758703663,251.87053612552393,262.06667161600916,292.1396578646997,309.2249602790436,304.7146559217931,334.9628389627138,368.0517525762445,369.6453680237548,353.5077173740047,399.6342121395784,430.6595379581877,467.2768593492045,489.63085767718746,320.0,347.619368797539,413.0234041737696,470.017978278412,505.98684130986,501.0327490714395,545.4834700932663,483.7470549604383,435.4388112162438,508.691325898676,549.2318832638923,474.72989752458477,424.16130392293803,505.3086828473745,546.5695855066626,480.25447919970554,430.5834567426775,495.73116081440133,566.1683527251279,602.9821048090673,640.0,320.0,208.14568003015273,98.62466605129077,31.038701190015104,0.0,118.60869673563514,160.99927629304213,209.0170356672277,218.6595950355987,197.75619693551118,247.8059011709101,278.7785653989162,270.4332377735576,273.8394990328077,316.8896175566947,330.02897942782505,317.5964207135938,345.7446134709173,377.5134591842774,407.36773139154207,419.79406020369703,320.0,347.6701625731378,416.8620959305644,480.9790361944506,525.8064782527379,508.6732937145656,554.0142158653107,492.0278989009365,444.4720824986031,522.9003167447481,555.6178184485119,481.6593809536654,440.94685675868504,525.3599649314206,559.3409991093512,495.4639037930493,454.2383085879029,521.153944441767,580.5433661106258,607.9981468572189,640.0,320.0,175.51776822590887,43.42367762024372,11.275635936602157,28.593198001942653,0.0,20.501223817073594,99.25229398924415,149.0922013424128,128.30348619472093,188.0835475226124,246.83405096226073,279.5978057231623,252.55043106511803,309.07845111072606,338.26684833076365,357.0291509557108,364.71441558495854,404.8453215068953,416.6885075470655,425.5463324740987,320.0,326.14409607542285,405.67040602897544,486.4631040845512,556.00114862899,596.3640471544422,640.0,553.7152328864231,499.13426354590865,622.3064128942133,635.7967609041568,542.7764637200985,488.4348944389109,617.6619183051846,612.7239205778021,522.5426400081125,472.2978019676432,594.6667753378363,590.3601217243461,523.8594313149243,483.53668552301,320.0,212.77197639812098,112.34560783134407,48.77699542687668,0.0,99.95814710731804,38.21330872211797,51.88232244148787,76.19366814264825,165.3054037518277,120.0146837700787,140.848713614634,166.47280495266142,238.4096730372383,208.538073066274,224.68424709383717,243.90223263820477,316.31594993415115,304.53442286354255,307.3659846732965,314.90564433337136,320.0,324.91185686363826,352.5818596724594,395.25172422324454,441.66940029485346,529.6529723294732,613.8230675528764,550.1149288116649,493.1540150861348,563.2251670375377,637.5035546868746,563.4547626982729,510.80796540929475,579.5148161677491,639.6872748758952,573.7125193379331,527.8054956841663,582.0981166344792,640.0,593.2132477394812,551.5176511851624,320.0,239.1521713941968,150.3794245698241,68.36543482642975,0.0,222.76064904536747,123.66133202546533,99.72785552502808,102.68084370183783,256.74286902432095,146.12999636526976,128.41054357470165,144.22660400328238,279.0429072762855,184.3984680167547,172.41154034788653,190.86822436285084,293.95641180700056,227.94285378702386,216.99790328443112,229.35204981326376,320.0,271.4713881536917,275.4291624836482,298.352225365824,310.5979130540598,452.26491436220374,552.1311794590977,517.8140001825318,497.18937665419367,523.3150193179398,610.7467372455965,551.0673846247453,521.5050348331356,571.6949286605214,628.8125095068601,575.9666575400809,551.5986736028718,605.7760335858355,640.0,593.8333485443095,567.9788263210733
